{"errors":[],"warnings":[],"namedChunkGroups":{"app":{"chunks":[6,2],"assets":["webpack-runtime-831c20c06a9bf1589edd.js","webpack-runtime-831c20c06a9bf1589edd.js.map","app-a071a055f6ce7e88c70b.js","app-a071a055f6ce7e88c70b.js.map"],"children":{},"childAssets":{}},"component---src-templates-project-js":{"chunks":[0,1,4],"assets":["0.3f6bd4b293e6321681fa.css","0-8e83709f2127b9ae2a69.js","0-8e83709f2127b9ae2a69.js.map","1.50633122c279443f77db.css","1-752b0902f764f568261b.js","1-752b0902f764f568261b.js.map","component---src-templates-project-js-5ed6cfdc72b8046532e4.js","component---src-templates-project-js-5ed6cfdc72b8046532e4.js.map"],"children":{},"childAssets":{}},"component---src-templates-tag-js":{"chunks":[0,1,5],"assets":["0.3f6bd4b293e6321681fa.css","0-8e83709f2127b9ae2a69.js","0-8e83709f2127b9ae2a69.js.map","1.50633122c279443f77db.css","1-752b0902f764f568261b.js","1-752b0902f764f568261b.js.map","component---src-templates-tag-js-f00ed986ae19612d1fd7.js","component---src-templates-tag-js-f00ed986ae19612d1fd7.js.map"],"children":{},"childAssets":{}},"component---src-pages-index-js":{"chunks":[0,1,3],"assets":["0.3f6bd4b293e6321681fa.css","0-8e83709f2127b9ae2a69.js","0-8e83709f2127b9ae2a69.js.map","1.50633122c279443f77db.css","1-752b0902f764f568261b.js","1-752b0902f764f568261b.js.map","component---src-pages-index-js-93c081fbacd4f2bd0eea.js","component---src-pages-index-js-93c081fbacd4f2bd0eea.js.map"],"children":{},"childAssets":{}}},"assetsByChunkName":{"app":["webpack-runtime-831c20c06a9bf1589edd.js","app-a071a055f6ce7e88c70b.js"],"component---src-templates-project-js":["0.3f6bd4b293e6321681fa.css","0-8e83709f2127b9ae2a69.js","1.50633122c279443f77db.css","1-752b0902f764f568261b.js","component---src-templates-project-js-5ed6cfdc72b8046532e4.js"],"component---src-templates-tag-js":["0.3f6bd4b293e6321681fa.css","0-8e83709f2127b9ae2a69.js","1.50633122c279443f77db.css","1-752b0902f764f568261b.js","component---src-templates-tag-js-f00ed986ae19612d1fd7.js"],"component---src-pages-index-js":["0.3f6bd4b293e6321681fa.css","0-8e83709f2127b9ae2a69.js","1.50633122c279443f77db.css","1-752b0902f764f568261b.js","component---src-pages-index-js-93c081fbacd4f2bd0eea.js"]}}